1,AARS
2,AARS2
3,ABCA1
4,ABCB5
5,ABCB7
6,ABCD4
7,ABCF1
8,ABI2
9,ABL1
10,ACBD3
11,ACLY
12,ACP1
13,ACSL3
14,ACTA1
15,ACTA2
16,ACTB
17,ACTC1
18,ACTN1
19,ACTN4
20,ACTR1A
21,ACVR1B
22,ADA
23,ADAM10
24,ADAM12
25,ADAM9
26,ADAMTS1
27,ADAMTSL4
28,ADAR
29,ADD2
30,ADIPOR2
31,ADPGK
32,ADRA1A
33,ADRM1
34,AEBP2
35,AFAP1
36,AFF4
37,AGK
38,AGL
39,AGPAT6
40,AGRN
41,AGTPBP1
42,AGTR1
43,AGTRAP
44,AHCYL1
45,AHDC1
46,AHNAK
47,AIFM1
48,AK1
49,AKAP12
50,AKAP13
51,AKAP4
52,AKAP7
53,AKT1
54,AKT1S1
55,ALAS1
56,ALDH2
57,ALG2
58,ALMS1
59,ALOX5AP
60,ANAPC1
61,ANAPC7
62,ANKRD1
63,ANKRD13B
64,ANP32A
65,ANP32B
66,ANPEP
67,ANXA1
68,ANXA11
69,ANXA2
70,AP1B1
71,AP1G1
72,AP1M1
73,AP1S1
74,AP2M1
75,AP2S1
76,AP3B1
77,AP3D1
78,APAF1
79,APC
80,APEH
81,APH1B
82,APLP1
83,APLP2
84,APP
85,APPL2
86,ARAP1
87,ARCN1
88,ARF3
89,ARF4
90,ARFGEF2
91,ARG1
92,ARHGAP29
93,ARHGDIA
94,ARHGEF18
95,ARHGEF3
96,ARID1A
97,ARID2
98,ARID3A
99,ARL2BP
100,ARL6IP4
101,ARNT
102,ARNTL2
103,ARPC1B
104,ARPC5
105,ASAP2
106,ASCC2
107,ASH2L
108,ASS1
109,ASXL2
110,ATG7
111,ATL2
112,ATM
113,ATN1
114,ATP1A1
115,ATP2A2
116,ATP2B1
117,ATP2B4
118,ATP6V0C
119,ATP6V1A
120,ATP6V1E1
121,ATXN1
122,ATXN2L
123,ATXN7L3
124,AUP1
125,AURKB
126,AXIN1
127,AXIN2
128,AXL
129,AZI2
130,B3GALT4
131,B3GNT2
132,B4GALT1
133,BACE1
134,BACE2
135,BACH1
136,BAK1
137,BAMBI
138,BAP1
139,BATF2
140,BAX
141,BAZ1A
142,BAZ2A
143,BBC3
144,BCAP29
145,BCAP31
146,BCKDHB
147,BCL10
148,BCL2
149,BCL2L1
150,BCL2L11
151,BCL2L2
152,BCL6B
153,BCL7A
154,BCOR
155,BDNF
156,BECN1
157,BIRC3
158,BIRC5
159,BLMH
160,BMF
161,BMI1
162,BMP1
163,BMP2K
164,BMP7
165,BMPR1B
166,BMPR2
167,BNIP3L
168,BRCA1
169,BRCA2
170,BRD2
171,BRD4
172,BRDT
173,BRI3
174,BSN
175,BTC
176,BTG1
177,BTG2
178,BTK
179,BTRC
180,C11orf54
181,C11orf58
182,C12orf10
183,C14orf166
184,C15orf41
185,C1QBP
186,C21orf33
187,C4orf27
188,CAB39
189,CABLES1
190,CAD
191,CADM1
192,CALM1
193,CALM2
194,CALM3
195,CALR
196,CALU
197,CAMK2D
198,CAMK2G
199,CAMLG
200,CAND1
201,CAP1
202,CAPG
203,CAPN1
204,CAPZB
205,CARD8
206,CASC3
207,CASP2
208,CASP3
209,CASP6
210,CASP7
211,CASP8AP2
212,CASP9
213,CAST
214,CBFB
215,CBLN2
216,CBR1
217,CBWD2
218,CBX2
219,CBX5
220,CBX7
221,CCDC134
222,CCDC136
223,CCDC22
224,CCDC47
225,CCDC88A
226,CCDC88B
227,CCDC88C
228,CCHCR1
229,CCKBR
230,CCL14
231,CCL2
232,CCL8
233,CCNA2
234,CCND1
235,CCND2
236,CCND3
237,CCNE1
238,CCNE2
239,CCNK
240,CCNT2
241,CCS
242,CD24
243,CD247
244,CD2AP
245,CD2BP2
246,CD44
247,CD46
248,CD63
249,CD97
250,CDC14B
251,CDC25A
252,CDC25B
253,CDC25C
254,CDC34
255,CDC37
256,CDC37L1
257,CDC42
258,CDC42SE1
259,CDC42SE2
260,CDCP1
261,CDH1
262,CDH11
263,CDH13
264,CDH2
265,CDH4
266,CDK1
267,CDK13
268,CDK14
269,CDK19
270,CDK2
271,CDK4
272,CDK5RAP3
273,CDK6
274,CDK9
275,CDKL2
276,CDKN1A
277,CDKN1B
278,CDKN1C
279,CDKN2A
280,CDKN2B
281,CDKN3
282,CDR2
283,CDX2
284,CEBPA
285,CEBPB
286,CEBPG
287,CEBPZ
288,CECR2
289,CECR5
290,CENPF
291,CENPJ
292,CEP250
293,CEP57
294,CEP63
295,CEP70
296,CETN3
297,CFH
298,CFL1
299,CFL2
300,CFLAR
301,CHAF1B
302,CHD4
303,CHGB
304,CHMP2A
305,CHMP7
306,CHPF
307,CHRAC1
308,CHRM1
309,CHTF18
310,CKAP2
311,CKAP5
312,CKB
313,CLCN3
314,CLDN1
315,CLDN12
316,CLDN7
317,CLINT1
318,CLOCK
319,CLTC
320,CMAS
321,CMPK1
322,CNN2
323,CNN3
324,CNOT1
325,CNOT2
326,CNOT6
327,COG1
328,COG2
329,COIL
330,COL13A1
331,COL1A1
332,COL1A2
333,COL2A1
334,COL3A1
335,COL4A1
336,COL4A2
337,COMMD2
338,COPA
339,COPB1
340,COPS3
341,COPS7A
342,COPZ1
343,COQ6
344,CORO2B
345,COTL1
346,COX5A
347,CPNE3
348,CPSF1
349,CPSF3
350,CPSF7
351,CRABP2
352,CREB1
353,CREB3
354,CREBZF
355,CRELD1
356,CRELD2
357,CRHBP
358,CRIP2
359,CRKL
360,CRLF1
361,CSE1L
362,CSF1
363,CSNK1G2
364,CSNK2A2
365,CSRP1
366,CSTF2
367,CSTF3
368,CTBP1
369,CTBP2
370,CTDSP2
371,CTGF
372,CTLA4
373,CTNNB1
374,CTSC
375,CTSD
376,CTTN
377,CUL4B
378,CUL5
379,CWC22
380,CXADR
381,CXCL1
382,CXCL12
383,CXCL2
384,CXCL3
385,CXCR4
386,CYB5R3
387,CYFIP1
388,CYP1A1
389,CYR61
390,DAD1
391,DAPK1
392,DAXX
393,DAZAP2
394,DBN1
395,DCAF11
396,DCTN3
397,DCTN4
398,DCTN5
399,DCTPP1
400,DCUN1D1
401,DDIT4
402,DDX20
403,DDX3X
404,DDX42
405,DDX5
406,DDX54
407,DDX6
408,DFFB
409,DFNA5
410,DGCR14
411,DGCR2
412,DGCR6L
413,DGKA
414,DGKD
415,DGKH
416,DHCR24
417,DHFR
418,DHRS1
419,DHX15
420,DHX16
421,DHX30
422,DHX38
423,DICER1
424,DIP2A
425,DKK1
426,DLG4
427,DLG5
428,DLL1
429,DMTF1
430,DNAJA3
431,DNAJB1
432,DNAJB11
433,DNAJB2
434,DNAJC10
435,DNAJC2
436,DNMT1
437,DNMT3A
438,DNMT3B
439,DOK4
440,DOK6
441,DOK7
442,DPP7
443,DPY30
444,DPYSL3
445,DR1
446,DRAP1
447,DRD3
448,DSG2
449,DST
450,DSTN
451,DTL
452,DTX1
453,DUSP3
454,DUSP6
455,DUT
456,DVL2
457,DYNC1LI1
458,DYRK2
459,E2F1
460,E2F2
461,E2F3
462,E2F5
463,E2F6
464,EBAG9
465,EBPL
466,ECE1
467,ECHDC2
468,ECHS1
469,EDA2R
470,EDF1
471,EDN1
472,EEA1
473,EEF1A1
474,EEF1A2
475,EEF2
476,EFEMP2
477,EFNA3
478,EFNB1
479,EFNB2
480,EFNB3
481,EFTUD2
482,EGFR
483,EHMT1
484,EHMT2
485,EIF2AK2
486,EIF2S1
487,EIF3A
488,EIF3J
489,EIF3K
490,EIF4A1
491,EIF4B
492,EIF4E
493,EIF4EBP1
494,EIF4EBP2
495,EIF4G1
496,EIF4G2
497,EIF4G3
498,EIF5B
499,EIF6
500,ELAC2
501,ELAVL1
502,ELAVL4
503,ELK4
504,ELL2
505,ELL3
506,ELMO2
507,EMD
508,EML3
509,EML4
510,EMP3
511,ENAH
512,ENO1
513,ENOPH1
514,ENTPD1
515,EP300
516,EPB41L2
517,EPB41L3
518,EPHA5
519,ERBB2
520,ERBB2IP
521,ERBB3
522,ERBB4
523,ERCC8
524,ERF
525,ERG
526,ERP44
527,ERRFI1
528,ESM1
529,ESR1
530,ESRRA
531,ETS1
532,ETV7
533,EXO1
534,EXOC2
535,EXOC3
536,EXOC5
537,EXOC6B
538,EXOSC10
539,EXOSC2
540,EXT1
541,EZH1
542,EZH2
543,EZR
544,F11R
545,F2
546,F2RL1
547,F3
548,FABP3
549,FADD
550,FAF1
551,FAM32A
552,FAM46A
553,FAM57A
554,FAM96A
555,FANCD2
556,FANCI
557,FAR1
558,FARSA
559,FASN
560,FAU
561,FBLN2
562,FBN1
563,FBN2
564,FBXL18
565,FBXO11
566,FBXO28
567,FBXO33
568,FBXO8
569,FBXW11
570,FBXW2
571,FBXW7
572,FDPS
573,FEM1A
574,FEN1
575,FERMT2
576,FGF7
577,FGFR1
578,FGFR2
579,FGFR3
580,FHIT
581,FIS1
582,FIZ1
583,FKBP1A
584,FKBP1B
585,FKBP4
586,FKBP8
587,FLII
588,FLNA
589,FLNB
590,FLNC
591,FLOT1
592,FLOT2
593,FMNL2
594,FMNL3
595,FMR1
596,FN1
597,FNTB
598,FOLR1
599,FOS
600,FOXO1
601,FOXO3
602,FOXP1
603,FSCN1
604,FSTL3
605,FUBP1
606,FUBP3
607,FURIN
608,FUZ
609,FYTTD1
610,FZD4
611,FZD8
612,G3BP1
613,G3BP2
614,G6PD
615,GAB1
616,GAK
617,GALT
618,GANAB
619,GAPDH
620,GATA3
621,GATA4
622,GATA6
623,GATAD2B
624,GBP3
625,GCA
626,GCH1
627,GCSH
628,GEMIN4
629,GIGYF1
630,GIT1
631,GJA1
632,GJB3
633,GKAP1
634,GLCCI1
635,GLI2
636,GLTSCR2
637,GLUL
638,GMNN
639,GNA13
640,GNAI1
641,GNAI2
642,GNAI3
643,GNB1
644,GNB2
645,GNG5
646,GNRHR
647,GOLGA3
648,GOLGA4
649,GOLGA5
650,GOLGA7
651,GOLM1
652,GOT2
653,GPAA1
654,GPBP1
655,GPC1
656,GPD2
657,GPI
658,GPSM2
659,GRIA2
660,GRIA4
661,GRIPAP1
662,GRK6
663,GRN
664,GRPEL2
665,GSC
666,GSTO1
667,GTF2B
668,GTF2H1
669,GTF2H3
670,GTF2H4
671,GTF2I
672,GTF3C1
673,GTF3C3
674,GTPBP1
675,GTPBP4
676,H1F0
677,H2AFX
678,H2AFY
679,H3F3B
680,HACE1
681,HADH
682,HAND2
683,HCFC1
684,HCLS1
685,HCN2
686,HCN4
687,HDAC1
688,HDAC2
689,HDAC4
690,HDAC6
691,HDAC8
692,HDHD2
693,HDLBP
694,HEATR2
695,HERC2
696,HERC5
697,HERC6
698,HERPUD1
699,HES1
700,HEY1
701,HIC2
702,HIF1A
703,HIF3A
704,HIPK1
705,HIPK3
706,HIST1H1B
707,HIST1H3H
708,HIST1H4A
709,HIST2H2AC
710,HIST2H3C
711,HIST3H3
712,HIVEP2
713,HK2
714,HLA-C
715,HMGA1
716,HMGA2
717,HMGB1
718,HMGN1
719,HMOX1
720,HN1
721,HNF4A
722,HNRNPA0
723,HNRNPA1
724,HNRNPA3
725,HNRNPC
726,HNRNPD
727,HNRNPH1
728,HNRNPK
729,HNRNPM
730,HNRNPU
731,HOMER1
732,HOMER2
733,HOOK1
734,HOXA11
735,HOXA5
736,HOXA7
737,HOXB13
738,HOXB7
739,HOXB8
740,HOXC8
741,HOXD10
742,HPS4
743,HRAS
744,HSD17B4
745,HSP90AA1
746,HSP90AB1
747,HSP90B1
748,HSPA14
749,HSPA1A
750,HSPA1B
751,HSPA4
752,HSPBP1
753,HSPD1
754,HTT
755,HUWE1
756,HYI
757,ICAM1
758,ICOS
759,ID1
760,ID2
761,ID3
762,IFI6
763,IFIT1
764,IFIT2
765,IFIT3
766,IFNAR2
767,IFT80
768,IGF1R
769,IGF2BP1
770,IGF2R
771,IGFBP3
772,IGFBP7
773,IKBKAP
774,IKBKB
775,IKBKE
776,IL11
777,IL11RA
778,IL17RA
779,IL18
780,IL1RAP
781,IL1RN
782,IL2
783,IL27RA
784,IL6
785,IL6R
786,IL8
787,ILF2
788,ILF3
789,ILVBL
790,IMPA2
791,ING1
792,INO80B
793,INPP4A
794,INPP5D
795,INPPL1
796,INSIG1
797,INSIG2
798,IP6K2
799,IPO5
800,IPO8
801,IPO9
802,IRAK1
803,IRF5
804,IRS1
805,IRS2
806,IRS4
807,ISG15
808,ITCH
809,ITGA1
810,ITGA3
811,ITGA5
812,ITGA6
813,ITGA9
814,ITGB1
815,ITGB3
816,ITGB4
817,ITIH4
818,ITPK1
819,JAG1
820,JAG2
821,JAK1
822,JAK2
823,JARID2
824,JMY
825,JUN
826,JUP
827,KARS
828,KAT2A
829,KCND1
830,KCNE1
831,KCNH2
832,KCNJ2
833,KCNN4
834,KCNQ1
835,KCNQ2
836,KDELR1
837,KDM1A
838,KDR
839,KIAA0232
840,KIAA0513
841,KIAA1191
842,KIAA1524
843,KIAA1598
844,KIF1A
845,KIF1C
846,KIF22
847,KIF23
848,KIF2A
849,KIF2C
850,KIF4A
851,KIF5B
852,KIT
853,KLC2
854,KLF11
855,KLF13
856,KLF4
857,KLHL12
858,KLHL20
859,KLHL3
860,KLK10
861,KLK6
862,KNTC1
863,KPNA4
864,KPNB1
865,KRAS
866,KREMEN1
867,KRT19
868,KRT5
869,KRT7
870,KRT8
871,KRTAP3-2
872,L1CAM
873,L3MBTL2
874,LAMB3
875,LAMC1
876,LAMP1
877,LARP1
878,LASP1
879,LATS2
880,LBR
881,LCP1
882,LDHB
883,LDOC1
884,LEMD3
885,LEPROTL1
886,LGALS1
887,LGALS3BP
888,LHX4
889,LIF
890,LIFR
891,LIMK1
892,LIMS1
893,LIN7C
894,LIPC
895,LITAF
896,LMNB1
897,LMO2
898,LNPEP
899,LRCH4
900,LRP1
901,LRRC8D
902,LRRFIP1
903,LSM12
904,LTB
905,LUC7L2
906,LUC7L3
907,M6PR
908,MACROD1
909,MAD2L1
910,MAF1
911,MAFB
912,MAFG
913,MAN2A2
914,MAP2K1
915,MAP2K4
916,MAP3K10
917,MAP3K12
918,MAP3K2
919,MAP3K8
920,MAP4
921,MAP4K2
922,MAP7D1
923,MAPK14
924,MAPK7
925,MAPK8
926,MAPK8IP1
927,MAPK9
928,MAPKAP1
929,MARCKS
930,MARS
931,MAST3
932,MAT2B
933,MATR3
934,MAX
935,MBD2
936,MCAM
937,MCFD2
938,MCL1
939,MCM10
940,MCM2
941,MCM3
942,MCM3AP
943,MCM4
944,MCM5
945,MCM6
946,MCM7
947,MDC1
948,MDH2
949,MDM2
950,MECP2
951,MECR
952,MED1
953,MED15
954,MED16
955,MED28
956,MED8
957,MEF2A
958,MEF2D
959,MEGF8
960,MEIS1
961,MEOX2
962,MERTK
963,MET
964,METTL2B
965,MFN2
966,MGAT4B
967,MICA
968,MIER1
969,MINPP1
970,MITF
971,MKI67
972,MKRN1
973,MLH3
974,MLLT1
975,MLLT4
976,MLX
977,MLXIP
978,MME
979,MMP1
980,MMP13
981,MMP2
982,MMP3
983,MMP9
984,MNS1
985,MNT
986,MPDU1
987,MPP2
988,MPP5
989,MPRIP
990,MRE11A
991,MRFAP1
992,MRPL12
993,MRPL19
994,MRPL38
995,MRPS18B
996,MSH2
997,MSH6
998,MTAP
999,MTCH2
1000,MTG1
1001,MTHFS
1002,MTIF2
1003,MTMR12
1004,MTPN
1005,MTR
1006,MTX1
1007,MUC1
1008,MXD4
1009,MYB
1010,MYBL1
1011,MYC
1012,MYCN
1013,MYD88
1014,MYH9
1015,MYO10
1016,MYO18A
1017,MYO1A
1018,MYO5A
1019,MYO9B
1020,MYOCD
1021,NAB1
1022,NACC1
1023,NAGPA
1024,NASP
1025,NBL1
1026,NCAM1
1027,NCAPD2
1028,NCAPD3
1029,NCAPG
1030,NCAPH
1031,NCDN
1032,NCOA2
1033,NCOA3
1034,NCOA4
1035,NCOA7
1036,NCOR1
1037,NCS1
1038,NDUFA13
1039,NDUFV1
1040,NEK1
1041,NEO1
1042,NF2
1043,NFE2L1
1044,NFIA
1045,NFIB
1046,NFIX
1047,NFKB1
1048,NIN
1049,NIPBL
1050,NKIRAS2
1051,NLE1
1052,NLK
1053,NMD3
1054,NME4
1055,NOC2L
1056,NOG
1057,NOLC1
1058,NOM1
1059,NOMO3
1060,NONO
1061,NOTCH1
1062,NOTCH2
1063,NOTCH3
1064,NOTCH4
1065,NPAS2
1066,NPM1
1067,NPPB
1068,NR1I2
1069,NR2F6
1070,NR3C1
1071,NR4A2
1072,NR5A2
1073,NR6A1
1074,NRAS
1075,NRBP1
1076,NRIP2
1077,NRP1
1078,NSFL1C
1079,NSL1
1080,NSUN4
1081,NT5C2
1082,NT5E
1083,NTF3
1084,NTRK3
1085,NTS
1086,NUAK1
1087,NUCB1
1088,NUCKS1
1089,NUDC
1090,NUDT21
1091,NUFIP2
1092,NUMB
1093,NUP160
1094,NUP210
1095,NUP50
1096,NUP54
1097,NUPL1
1098,NXN
1099,NXPH2
1100,NXT2
1101,NYNRIN
1102,OASL
1103,OAT
1104,OCRL
1105,ODF2
1106,OPRM1
1107,ORAI2
1108,OSTF1
1109,OTX1
1110,OXTR
1111,P2RX7
1112,P4HB
1113,PA2G4
1114,PACS2
1115,PACSIN3
1116,PAFAH1B1
1117,PAFAH1B3
1118,PAK1
1119,PAK7
1120,PARD6B
1121,PARP1
1122,PARP10
1123,PARVA
1124,PAX3
1125,PBK
1126,PBLD
1127,PBXIP1
1128,PCDH7
1129,PCNT
1130,PCSK5
1131,PDCD10
1132,PDCD4
1133,PDCD6IP
1134,PDGFC
1135,PDIA3
1136,PDIK1L
1137,PDK1
1138,PDLIM7
1139,PEBP1
1140,PEG10
1141,PELI1
1142,PER1
1143,PEX11B
1144,PEX7
1145,PFDN1
1146,PFKL
1147,PFKP
1148,PGAM1
1149,PGD
1150,PHACTR4
1151,PHB
1152,PHC2
1153,PHF23
1154,PHGDH
1155,PHKA1
1156,PHKB
1157,PHLDA1
1158,PHLDB2
1159,PI4KA
1160,PICALM
1161,PIGR
1162,PIGT
1163,PIK3R1
1164,PIK3R2
1165,PIK3R3
1166,PIM1
1167,PIN1
1168,PIR
1169,PKD1
1170,PLAG1
1171,PLAGL1
1172,PLAU
1173,PLCB3
1174,PLEKHA4
1175,PLEKHB2
1176,PLEKHG2
1177,PLK1
1178,PLK2
1179,PLS3
1180,PLXNA1
1181,PLXNB2
1182,PMS1
1183,PNN
1184,PNP
1185,POLA2
1186,POLD1
1187,POLDIP3
1188,POLE2
1189,POLG
1190,POLR2A
1191,POLR2D
1192,POLR2I
1193,POLR2K
1194,POLR3D
1195,POLR3H
1196,POLRMT
1197,POM121
1198,POU4F2
1199,PPAP2C
1200,PPARA
1201,PPARG
1202,PPARGC1A
1203,PPARGC1B
1204,PPIA
1205,PPIB
1206,PPIF
1207,PPM1A
1208,PPM1D
1209,PPM1G
1210,PPP1CA
1211,PPP1R13B
1212,PPP1R16A
1213,PPP1R2
1214,PPP2CA
1215,PPP2CB
1216,PPP2R2A
1217,PPP2R5A
1218,PPP3CA
1219,PQBP1
1220,PRC1
1221,PRCC
1222,PRDM1
1223,PRDM16
1224,PRDX1
1225,PRDX2
1226,PRDX3
1227,PRDX4
1228,PRIM1
1229,PRIMA1
1230,PRKAG1
1231,PRKCA
1232,PRKCD
1233,PRKCE
1234,PRKD1
1235,PRKD2
1236,PRKG2
1237,PRKRA
1238,PRKX
1239,PRMT5
1240,PROCR
1241,PRPF8
1242,PRPS1
1243,PSG3
1244,PSG9
1245,PSIP1
1246,PSMA3
1247,PSMB6
1248,PSMC2
1249,PSMC3IP
1250,PSMC5
1251,PSMD1
1252,PSMD8
1253,PSMD9
1254,PSME1
1255,PSME3
1256,PTBP1
1257,PTBP2
1258,PTEN
1259,PTGS1
1260,PTGS2
1261,PTMA
1262,PTP4A2
1263,PTPLAD1
1264,PTPLB
1265,PTPN1
1266,PTPN12
1267,PTPN22
1268,PTPRD
1269,PTPRF
1270,PTPRK
1271,PTPRN2
1272,PTRH2
1273,PUF60
1274,PURA
1275,PWP1
1276,PXN
1277,PYGB
1278,RAB10
1279,RAB11FIP1
1280,RAB11FIP2
1281,RAB11FIP3
1282,RAB1B
1283,RAB26
1284,RAB27B
1285,RAB2B
1286,RAB30
1287,RAB34
1288,RAB3B
1289,RAB3D
1290,RAB3IP
1291,RAB40C
1292,RAB6A
1293,RABEPK
1294,RABL2B
1295,RAD51AP1
1296,RAD51C
1297,RAD54B
1298,RAD54L
1299,RAF1
1300,RALB
1301,RALGAPB
1302,RANBP2
1303,RAP1B
1304,RAPGEF1
1305,RAPGEF2
1306,RASA1
1307,RASD1
1308,RASGRP1
1309,RASSF1
1310,RASSF2
1311,RASSF5
1312,RASSF8
1313,RAVER2
1314,RB1
1315,RB1CC1
1316,RBBP5
1317,RBBP7
1318,RBBP8
1319,RBL1
1320,RBM39
1321,RBM42
1322,RBM8A
1323,RBMS2
1324,RBPJ
1325,RCC2
1326,RCN2
1327,RCOR2
1328,RECK
1329,RER1
1330,RERE
1331,REST
1332,REXO1
1333,REXO4
1334,RFC2
1335,RFC5
1336,RFX1
1337,RFX4
1338,RFX5
1339,RGN
1340,RGS17
1341,RHOA
1342,RHOB
1343,RHOC
1344,RHOQ
1345,RIF1
1346,RIMS2
1347,RIN1
1348,RIN2
1349,RING1
1350,RIPK2
1351,RLF
1352,RNASEL
1353,RND3
1354,RNF10
1355,RNF11
1356,RNF111
1357,RNF115
1358,RNF138
1359,RNF14
1360,RNF5
1361,RNMT
1362,ROBO1
1363,RP2
1364,RPGR
1365,RPIA
1366,RPL18A
1367,RPL21
1368,RPL28
1369,RPL30
1370,RPL36
1371,RPL5
1372,RPLP0
1373,RPLP2
1374,RPN1
1375,RPN2
1376,RPP40
1377,RPRD2
1378,RPS10
1379,RPS14
1380,RPS15
1381,RPS18
1382,RPS6KA5
1383,RPS9
1384,RPSA
1385,RPTOR
1386,RRAGB
1387,RRAGC
1388,RRAGD
1389,RRBP1
1390,RRM1
1391,RRM2
1392,RRP1B
1393,RRS1
1394,RSF1
1395,RSRC2
1396,RTKN
1397,RTN3
1398,RUNX1
1399,RUNX1T1
1400,RUNX2
1401,RXFP1
1402,RXRB
1403,S100A11
1404,S100A16
1405,S100A9
1406,S1PR1
1407,SALL2
1408,SAMD4A
1409,SAP18
1410,SAT1
1411,SATB1
1412,SAV1
1413,SBF1
1414,SCAP
1415,SCD
1416,SCN3A
1417,SCYL1
1418,SDC1
1419,SDC4
1420,SDCBP2
1421,SDPR
1422,SEC11A
1423,SEC16A
1424,SEC23A
1425,SEC23IP
1426,SEC24C
1427,SEC61A1
1428,SEC62
1429,SEMA3C
1430,SEMA4D
1431,SEMG2
1432,SENP1
1433,SEPHS1
1434,SEPT2
1435,SEPT6
1436,SEPT7
1437,SERBP1
1438,SERP1
1439,SERPINH1
1440,SERTAD2
1441,SESN1
1442,SESN2
1443,SET
1444,SETD7
1445,SETD8
1446,SF3B2
1447,SF3B3
1448,SFI1
1449,SFN
1450,SFPQ
1451,SGK3
1452,SGOL2
1453,SH2B1
1454,SH2D4A
1455,SH3BGRL3
1456,SH3BP4
1457,SH3D19
1458,SHC1
1459,SHE
1460,SIGMAR1
1461,SIN3A
1462,SIRT1
1463,SKA2
1464,SKAP2
1465,SKI
1466,SLBP
1467,SLC16A1
1468,SLC16A10
1469,SLC1A4
1470,SLC25A10
1471,SLC25A6
1472,SLC29A1
1473,SLC2A1
1474,SLC39A11
1475,SLC3A2
1476,SLC4A1AP
1477,SLC4A2
1478,SLC6A8
1479,SLC9A6
1480,SLIT1
1481,SLK
1482,SMAD1
1483,SMAD2
1484,SMAD6
1485,SMAD7
1486,SMARCA1
1487,SMARCA2
1488,SMARCB1
1489,SMARCC1
1490,SMC1A
1491,SMC4
1492,SMO
1493,SNAPC1
1494,SNAPIN
1495,SNCA
1496,SNPH
1497,SNRPA1
1498,SNRPD2
1499,SNX6
1500,SOCS1
1501,SOCS3
1502,SOCS5
1503,SOD2
1504,SORD
1505,SOS2
1506,SOX2
1507,SOX4
1508,SOX5
1509,SOX6
1510,SOX9
1511,SP1
1512,SP110
1513,SP3
1514,SP4
1515,SPAG9
1516,SPARC
1517,SPDEF
1518,SPERT
1519,SPHK1
1520,SPI1
1521,SPINK1
1522,SPRED1
1523,SPRY2
1524,SQSTM1
1525,SRCAP
1526,SREBF1
1527,SRF
1528,SRGAP1
1529,SRI
1530,SRP9
1531,SRPR
1532,SRRM1
1533,SSH3
1534,SSNA1
1535,SSR1
1536,ST14
1537,ST3GAL2
1538,STAP2
1539,STAT1
1540,STAT3
1541,STAT5A
1542,STIP1
1543,STK24
1544,STK38L
1545,STK4
1546,STMN1
1547,STRBP
1548,STRN
1549,STT3A
1550,STX11
1551,STX3
1552,STX6
1553,STXBP3
1554,SUB1
1555,SUCLA2
1556,SUPT16H
1557,SUPT5H
1558,SURF2
1559,SUSD1
1560,SUZ12
1561,SYMPK
1562,SYNCRIP
1563,SYNE1
1564,SYNE2
1565,SYPL1
1566,SYTL2
1567,TAC1
1568,TAF3
1569,TAF6L
1570,TAOK2
1571,TAP1
1572,TBC1D5
1573,TBCD
1574,TBK1
1575,TBP
1576,TBRG1
1577,TBX19
1578,TCEB2
1579,TCEB3
1580,TCF12
1581,TCF7L1
1582,TCHP
1583,TCL1A
1584,TDG
1585,TDP1
1586,TEAD2
1587,TELO2
1588,TEP1
1589,TERF1
1590,TFAM
1591,TFF1
1592,TGFB1
1593,TGFB2
1594,TGFBR1
1595,TGFBR2
1596,TGFBR3
1597,TGM2
1598,THBS1
1599,THOP1
1600,THRA
1601,THY1
1602,TIA1
1603,TIMELESS
1604,TIMM17A
1605,TIMM23
1606,TIMM50
1607,TIMM8A
1608,TIMP3
1609,TIPIN
1610,TJP1
1611,TKT
1612,TLE1
1613,TLN1
1614,TLR4
1615,TMBIM6
1616,TMEM161A
1617,TMEM50A
1618,TMEM9B
1619,TMF1
1620,TMOD2
1621,TMSB4X
1622,TNF
1623,TNFAIP1
1624,TNFAIP8L1
1625,TNFRSF12A
1626,TNFSF13
1627,TNK2
1628,TNKS1BP1
1629,TNNI3
1630,TNPO3
1631,TNRC6B
1632,TOM1
1633,TOMM40
1634,TOP1
1635,TOPORS
1636,TOR1AIP2
1637,TP53
1638,TP53BP2
1639,TP53INP1
1640,TP63
1641,TPD52L2
1642,TPI1
1643,TPM1
1644,TPM2
1645,TPM3
1646,TPM4
1647,TPR
1648,TPST2
1649,TRA2B
1650,TRAF6
1651,TRAF7
1652,TRAPPC2
1653,TRAPPC3
1654,TRIM2
1655,TRIM24
1656,TRIM27
1657,TRIM28
1658,TRIM9
1659,TRIP6
1660,TROAP
1661,TROVE2
1662,TRPM6
1663,TRPS1
1664,TSC22D3
1665,TSG101
1666,TSHR
1667,TSPAN3
1668,TSPAN4
1669,TSPAN6
1670,TTC17
1671,TTC37
1672,TTC8
1673,TUBA1B
1674,TUBB
1675,TUBGCP4
1676,TWF1
1677,TWF2
1678,TXLNA
1679,UBA2
1680,UBA52
1681,UBA6
1682,UBAC2
1683,UBAP2L
1684,UBE2I
1685,UBE2Z
1686,UBE3A
1687,UBL7
1688,UBLCP1
1689,UBQLN1
1690,UBQLN2
1691,UBQLN4
1692,UBR5
1693,UBTF
1694,UBXN1
1695,UCHL3
1696,UCP2
1697,UGCG
1698,UGDH
1699,UGGT1
1700,UGGT2
1701,UGP2
1702,UHMK1
1703,UHRF1
1704,UHRF2
1705,UNC13B
1706,UNC13D
1707,UNC45A
1708,UPF3A
1709,UQCRQ
1710,URGCP
1711,USO1
1712,USP1
1713,USP10
1714,USP33
1715,USP40
1716,USP5
1717,UTRN
1718,UXS1
1719,VAC14
1720,VAMP7
1721,VAPA
1722,VAPB
1723,VARS
1724,VASN
1725,VASP
1726,VCAM1
1727,VEGFA
1728,VEZT
1729,VGLL4
1730,VIM
1731,VPRBP
1732,VPS37D
1733,VPS45
1734,VPS53
1735,VSNL1
1736,WAC
1737,WASF2
1738,WASF3
1739,WDR1
1740,WDR33
1741,WDR37
1742,WDR4
1743,WDR5
1744,WDR6
1745,WEE1
1746,WIPF1
1747,WISP2
1748,WNK1
1749,WNT1
1750,WNT3A
1751,WT1
1752,WTAP
1753,WWC1
1754,XIAP
1755,XPO6
1756,XPO7
1757,XPOT
1758,XRCC5
1759,XRCC6
1760,YAP1
1761,YBX1
1762,YRDC
1763,YTHDC1
1764,YWHAE
1765,YWHAQ
1766,YWHAZ
1767,YY1
1768,YY1AP1
1769,ZBED1
1770,ZBTB45
1771,ZBTB6
1772,ZC3H11A
1773,ZC3H7B
1774,ZDHHC4
1775,ZEB1
1776,ZEB2
1777,ZFP36
1778,ZFP91
1779,ZFPM2
1780,ZHX1
1781,ZMYND8
1782,ZNF202
1783,ZNF354A
1784,ZNF384
1785,ZNF559
1786,ZNF622
1787,ZNF638
1788,ZNF804A
1789,ZZEF1
